Ranking Orgânico;Nome do Produto;Preço;Localização;Link do Produto;Oportunidade_Shopee;Analisado em
Muito Orgânico (Alta Demanda);New! wide ruled notebook, 1 subject, 100 sheets;US$16;San Francisco, CA;https://www.facebook.com/marketplace/item/751160384714521/?ref=search&referral_code=null&referral_story_type=post&__tn__=!%3AD;https://shopee.com.br/search?keyword=New!%20wide%20ruled%20notebook,%201%20subject,%20100%20sheets;2026-02-01
Muito Orgânico (Alta Demanda);hp stream notebook pc 13”;US$70;San Francisco, CA;https://www.facebook.com/marketplace/item/3834354553535004/?ref=search&referral_code=null&referral_story_type=post&__tn__=!%3AD;https://shopee.com.br/search?keyword=hp%20stream%20notebook%20pc%2013”;2026-02-01
Muito Orgânico (Alta Demanda);Chromebook Laptops, Touchscreen, 2-1 tablet $70 ea;US$70;Hercules, CA;https://www.facebook.com/marketplace/item/4300390653577726/?ref=search&referral_code=null&referral_story_type=post&__tn__=!%3AD;https://shopee.com.br/search?keyword=Chromebook%20Laptops,%20Touchscreen,%202-1%20tablet%20$70%20ea;2026-02-01
Muito Orgânico (Alta Demanda);Lenovo ThinkPad Edge E431 Laptop - i3-2348M - 6GB RAM - 320GB HDD - Windows 10;US$80;Castro Valley, CA;https://www.facebook.com/marketplace/item/926169569875402/?ref=search&referral_code=null&referral_story_type=post&__tn__=!%3AD;https://shopee.com.br/search?keyword=Lenovo%20ThinkPad%20Edge%20E431%20Laptop%20-%20i3-2348M%20-%206GB%20RAM%20-%20320GB%20HDD%20-%20Windows%2010;2026-02-01
Muito Orgânico (Alta Demanda);Handmade Personalized Leather Traveler’s Notebook;US$55;San Francisco, CA;https://www.facebook.com/marketplace/item/1239738541365602/?ref=search&referral_code=null&referral_story_type=post&__tn__=!%3AD;https://shopee.com.br/search?keyword=Handmade%20Personalized%20Leather%20Traveler’s%20Notebook;2026-02-01
Muito Orgânico (Alta Demanda);Leuchtturm 120g Black Notebook;US$15;San Francisco, CA;https://www.facebook.com/marketplace/item/808635454978444/?ref=search&referral_code=null&referral_story_type=post&__tn__=!%3AD;https://shopee.com.br/search?keyword=Leuchtturm%20120g%20Black%20Notebook;2026-02-01
Muito Orgânico (Alta Demanda);Soft Cover Black Lined Moleskine Notebook - new in plastic;"US$14
US$16";San Francisco, CA;https://www.facebook.com/marketplace/item/1489563635662510/?ref=search&referral_code=null&referral_story_type=post&__tn__=!%3AD;https://shopee.com.br/search?keyword=Soft%20Cover%20Black%20Lined%20Moleskine%20Notebook%20-%20new%20in%20plastic;2026-02-01
Muito Orgânico (Alta Demanda);Goals Notebook;US$5;San Francisco, CA;https://www.facebook.com/marketplace/item/644913308617522/?ref=search&referral_code=null&referral_story_type=post&__tn__=!%3AD;https://shopee.com.br/search?keyword=Goals%20Notebook;2026-02-01
Muito Orgânico (Alta Demanda);Brown Spiral Notebook;US$15;San Francisco, CA;https://www.facebook.com/marketplace/item/1540098560558563/?ref=search&referral_code=null&referral_story_type=post&__tn__=!%3AD;https://shopee.com.br/search?keyword=Brown%20Spiral%20Notebook;2026-02-01
Muito Orgânico (Alta Demanda);Asus X200M notebook laptop;"US$75
US$100";San Francisco, CA;https://www.facebook.com/marketplace/item/1816747695669250/?ref=search&referral_code=null&referral_story_type=post&__tn__=!%3AD;https://shopee.com.br/search?keyword=Asus%20X200M%20notebook%20laptop;2026-02-01
Muito Orgânico (Alta Demanda);Journal notebook;US$8;San Francisco, CA;https://www.facebook.com/marketplace/item/1811479646129453/?ref=search&referral_code=null&referral_story_type=post&__tn__=!%3AD;https://shopee.com.br/search?keyword=Journal%20notebook;2026-02-01
Muito Orgânico (Alta Demanda);HP Elitebook 845 G8 notebook PC;US$250;Brisbane, CA;https://www.facebook.com/marketplace/item/1494285391670123/?ref=search&referral_code=null&referral_story_type=post&__tn__=!%3AD;https://shopee.com.br/search?keyword=HP%20Elitebook%20845%20G8%20notebook%20PC;2026-02-01
Muito Orgânico (Alta Demanda);Night Owl Notebook;US$4;Daly City, CA;https://www.facebook.com/marketplace/item/1535568541121337/?ref=search&referral_code=null&referral_story_type=post&__tn__=!%3AD;https://shopee.com.br/search?keyword=Night%20Owl%20Notebook;2026-02-01
Muito Orgânico (Alta Demanda);SAMSUNG Chrome Notebook;US$100;San Jose, CA;https://www.facebook.com/marketplace/item/903947375763547/?ref=search&referral_code=null&referral_story_type=post&__tn__=!%3AD;https://shopee.com.br/search?keyword=SAMSUNG%20Chrome%20Notebook;2026-02-01
Muito Orgânico (Alta Demanda);HP Mini notebook;US$50;San Jose, CA;https://www.facebook.com/marketplace/item/2136205200523513/?ref=search&referral_code=null&referral_story_type=post&__tn__=!%3AD;https://shopee.com.br/search?keyword=HP%20Mini%20notebook;2026-02-01
Muito Orgânico (Alta Demanda);Adjustable Laptop Riser - 9 Adjustable Angles, Easy Sit or Stand, Fits 15.6 Inch Laptop & Notebook;US$25;Walnut Creek, CA;https://www.facebook.com/marketplace/item/1842027429788305/?ref=search&referral_code=null&referral_story_type=post&__tn__=!%3AD;https://shopee.com.br/search?keyword=Adjustable%20Laptop%20Riser%20-%209%20Adjustable%20Angles,%20Easy%20Sit%20or%20Stand,%20Fits%2015.6%20Inch%20Laptop%20&%20Notebook;2026-02-01
Muito Orgânico (Alta Demanda);Notebook, laptop studio stand;US$15;San Francisco, CA;https://www.facebook.com/marketplace/item/2910558862470908/?ref=search&referral_code=null&referral_story_type=post&__tn__=!%3AD;https://shopee.com.br/search?keyword=Notebook,%20laptop%20studio%20stand;2026-02-01
Muito Orgânico (Alta Demanda);Samsung Notebook 9 Pro NP940X5N touchscreen;"US$250
US$300";Redwood City, CA;https://www.facebook.com/marketplace/item/1707964503207176/?ref=search&referral_code=null&referral_story_type=post&__tn__=!%3AD;https://shopee.com.br/search?keyword=Samsung%20Notebook%209%20Pro%20NP940X5N%20touchscreen;2026-02-01
Muito Orgânico (Alta Demanda);"2025 Lenovo ThinkPad X1 Carbon Gen 13 14"" Notebook Intel Core Ultra 7 258V 32GB RAM 512GB";"US$1.250
US$1.700";San Francisco, CA;https://www.facebook.com/marketplace/item/1583978239293148/?ref=search&referral_code=null&referral_story_type=post&__tn__=!%3AD;"https://shopee.com.br/search?keyword=2025%20Lenovo%20ThinkPad%20X1%20Carbon%20Gen%2013%2014""%20Notebook%20Intel%20Core%20Ultra%207%20258V%2032GB%20RAM%20512GB";2026-02-01
Muito Orgânico (Alta Demanda);Notebook Security Cable;US$10;South San Francisco, CA;https://www.facebook.com/marketplace/item/946858988516554/?ref=search&referral_code=null&referral_story_type=post&__tn__=!%3AD;https://shopee.com.br/search?keyword=Notebook%20Security%20Cable;2026-02-01
Muito Orgânico (Alta Demanda);Rain Design mstand aluminum laptop stand;US$20;San Francisco, CA;https://www.facebook.com/marketplace/item/2049296492582607/?ref=search&referral_code=null&referral_story_type=post&__tn__=!%3AD;https://shopee.com.br/search?keyword=Rain%20Design%20mstand%20aluminum%20laptop%20stand;2026-02-01
Muito Orgânico (Alta Demanda);Rain design mStand laptop stand;US$20;San Francisco, CA;https://www.facebook.com/marketplace/item/1401002431433231/?ref=search&referral_code=null&referral_story_type=post&__tn__=!%3AD;https://shopee.com.br/search?keyword=Rain%20design%20mStand%20laptop%20stand;2026-02-01
Muito Orgânico (Alta Demanda);HP 2000 Notebook PC – 15.6” Laptop – AMD E-300 – 4GB RAM – 320GB HDD – Windows 8 – Tested;US$40;Belmont, CA;https://www.facebook.com/marketplace/item/3734172496878875/?ref=search&referral_code=null&referral_story_type=post&__tn__=!%3AD;https://shopee.com.br/search?keyword=HP%202000%20Notebook%20PC%20–%2015.6”%20Laptop%20–%20AMD%20E-300%20–%204GB%20RAM%20–%20320GB%20HDD%20–%20Windows%208%20–%20Tested;2026-02-01
Muito Orgânico (Alta Demanda);Inmotion USB-C notebook charger with USB-A port, includes 2m (6.6ft) cable;"US$50
US$90";San Francisco, CA;https://www.facebook.com/marketplace/item/1236987465046491/?ref=search&referral_code=null&referral_story_type=post&__tn__=!%3AD;https://shopee.com.br/search?keyword=Inmotion%20USB-C%20notebook%20charger%20with%20USB-A%20port,%20includes%202m%20(6.6ft)%20cable;2026-02-01
